{
	"Cam_Calib" : 
	{
		"CX" : 0.51000000000000001,
		"CY" : 0.46500000000000002,
		"FX" : 3.9676999999999998,
		"FY" : 5.9051999999999998
	},
	"Camera_Interface" : 
	{
		"analog_gain" : 1,
		"digital_gain" : 1,
		"exposure" : 12,
		"flash_on" : false,
		"fps" : 21,
		"res_x" : 3264,
		"res_y" : 2464,
		"stream_analog_gain" : 5,
		"stream_digital_gain" : 1,
		"stream_exposure" : 12,
		"video_res_x" : 960,
		"video_res_y" : 720,
		"video_roi_height" : 1,
		"video_roi_width" : 1,
		"video_roi_x" : 0,
		"video_roi_y" : 0
	},
	"Dist_Coeff" : 
	{
		"K1" : -0.178483,
		"K2" : 3.10738,
		"K3" : -46.240000000000002,
		"P1" : 0.018872799999999999,
		"P2" : -0.0035024000000000001
	},
	"Parallax" : 
	{
		"AutoCalib_X_offset" : -0.00013509823475033045,
		"AutoCalib_Y_offset" : -3.0137598514556885e-06,
		"Distance" : 
		[
			0.15964746475219727,
			1,
			1.0049870014190674,
			1.0100240707397461,
			1.0151119232177734,
			1.0202512741088867,
			1.0254428386688232,
			1.0306875705718994,
			1.0359861850738525,
			1.041339635848999,
			1.0467486381530762,
			1.0522141456604004,
			1.0577369928359985,
			1.0633182525634766,
			1.0689585208892822,
			1.0746591091156006,
			1.0804207324981689,
			1.0862445831298828,
			1.092131495475769,
			1.0980825424194336,
			1.1040987968444824,
			1.1101813316345215,
			1.1163312196731567,
			1.1225496530532837,
			1.1288378238677979,
			1.1351968050003052,
			1.1416277885437012,
			1.1481320858001709,
			1.1547110080718994,
			1.1613656282424927,
			1.1749078035354614,
			1.181797981262207,
			1.1887694597244263,
			1.1958236694335938,
			1.2029620409011841,
			1.210186243057251,
			1.217497706413269,
			1.224898099899292,
			1.232388973236084,
			1.2399719953536987,
			1.2476489543914795,
			1.25542151927948,
			1.263291597366333,
			1.2712608575820923,
			1.2793314456939697,
			1.287505030632019,
			1.2957838773727417,
			1.304169774055481,
			1.3126648664474487,
			1.3212714195251465,
			1.3299916982650757,
			1.3477818965911865,
			1.3660545349121094,
			1.3848295211791992,
			1.3944118022918701,
			1.4041277170181274,
			1.444383978843689,
			1.4548113346099854,
			1.4653903245925903,
			1.4761242866516113,
			1.4870166778564453,
			1.4980709552764893,
			1.5092908143997192,
			1.5206800699234009,
			1.5322425365447998,
			1.5439821481704712,
			1.5559030771255493,
			1.5680094957351685,
			1.5803056955337524,
			1.5927964448928833,
			1.6054860353469849,
			1.6183795928955078,
			1.6314818859100342,
			1.6447980403900146,
			1.6583333015441895,
			1.6720932722091675,
			1.6860834360122681,
			1.7003097534179688,
			1.7294948101043701,
			1.7444663047790527,
			1.7596993446350098,
			1.7909775972366333,
			1.8070374727249146,
			1.8233879804611206,
			1.8400369882583618,
			1.8569928407669067,
			1.8742642402648926,
			1.891859769821167,
			1.9097888469696045,
			1.9280610084533691,
			1.9466862678527832,
			1.9656747579574585,
			1.9850374460220337,
			2.0047852993011475,
			2.1781365871429443,
			2.3626210689544678,
			2.3727724552154541,
			2.4300839900970459,
			2.4434316158294678,
			2.4947440624237061,
			2.566500186920166,
			2.5996081829071045,
			2.6159141063690186,
			2.616084098815918,
			2.6335813999176025,
			2.6364805698394775,
			2.668454647064209,
			2.7042636871337891,
			2.7410469055175781,
			2.7783339023590088,
			2.7788443565368652,
			2.794748067855835,
			2.8176991939544678,
			2.8576557636260986,
			2.8987617492675781,
			2.9410676956176758,
			2.9846270084381104,
			3.0294957160949707,
			3.0757341384887695,
			3.123405933380127,
			3.1687264442443848,
			3.1725788116455078,
			3.1843066215515137,
			3.2233245372772217,
			3.2478203773498535,
			3.2757201194763184,
			3.3298473358154297,
			3.3857932090759277,
			3.4436511993408203,
			3.4766151905059814,
			3.503521203994751,
			3.5323946475982666,
			3.5345547199249268,
			3.5387129783630371,
			3.5387148857116699,
			3.5387792587280273,
			3.546433687210083,
			3.546433687210083,
			3.5464375019073486,
			3.5469355583190918,
			3.5469551086425781,
			3.5508301258087158,
			3.5508301258087158,
			3.5508437156677246,
			3.5508730411529541,
			3.5565273761749268,
			3.5565409660339355,
			3.5565567016601562,
			3.5567481517791748,
			3.565509557723999,
			3.5743594169616699,
			3.5759804248809814,
			3.6269023418426514,
			3.6963083744049072,
			3.765373706817627,
			3.8370692729949951,
			3.9115478992462158,
			3.9889752864837646,
			4.0695295333862305,
			4.153404712677002,
			4.2408099174499512,
			4.5265851020812988,
			5.0992951393127441,
			5.2316794395446777,
			5.3711199760437012,
			5.5181975364685059,
			5.6735568046569824,
			5.8379173278808594,
			6.0120844841003418,
			6.1969637870788574,
			6.3935742378234863,
			6.6030693054199219,
			6.8267583847045898,
			7.066133975982666,
			7.3229069709777832,
			7.5990452766418457,
			7.8968253135681152,
			8.2188949584960938,
			8.5683526992797852,
			8.948847770690918,
			9.3647060394287109,
			9.8210983276367188,
			10.324254035949707,
			10.881750106811523,
			11.502890586853027,
			12.199234008789062,
			12.985318183898926,
			13.87968635559082,
			14.906367301940918,
			16.097066879272461,
			17.494504928588867,
			19.15764045715332,
			21.17021369934082,
			23.655275344848633,
			26.801347732543945,
			30.912620544433594,
			36.513759613037109,
			44.593837738037109,
			57.266185760498047,
			80
		],