{
	"Cam_Calib" : 
	{
		"CX" : 0.425887990351167,
		"CY" : 0.551263219620444,
		"FX" : 3.898942541904733,
		"FY" : 5.166855032632460
	},
	"Camera_Interface" : 
	{
		"analog_gain" : 2.5,
		"digital_gain" : 2.5,
		"exposure" : 25,
		"flash_on" : false,
		"fps" : 21,
		"res_x" : 3264,
		"res_y" : 2464,
		"stream_analog_gain" : 5,
		"stream_digital_gain" : 1,
		"stream_exposure" : 12,
		"video_res_x" : 960,
		"video_res_y" : 720,
		"video_roi_height" : 1,
		"video_roi_width" : 1,
		"video_roi_x" : 0,
		"video_roi_y" : 0
	},
	"Dist_Coeff" : 
	{
		"K1" : -0.009677739319691066,
		"K2" : -0.07328871407182978,
		"K3" : 0,
		"P1" : 0,
		"P2" : 0
	},
	"Parallax" : 
	{
		"Normalized_Pixels": false, 
		"AutoCalib_X_offset" : 0,
		"AutoCalib_Y_offset" : 0,
		"Distance" : 
		[
			0.52269822359085083,
			0.67249315977096558,
			0.99848926067352295,
			1.210507869720459,
			1.3680967092514038,
			1.6354873180389404,
			1.7628515958786011,
			1.9307295083999634,
			2.0307655334472656,
			2.1816844940185547,
			2.327695369720459,
			2.5688672065734863,
			2.6689004898071289,
			2.7689082622528076,
			2.8968045711517334,
			3.0255351066589355,
			3.1501953601837158,
			3.2959120273590088,
			3.4346210956573486,
			3.5347657203674316,
			3.6348085403442383,
			3.7348613739013672,
			3.9231114387512207,
			4.0426502227783203,
			4.1781778335571289,
			4.3161697387695312,
			4.4188652038574219,
			4.541468620300293,
			4.6415038108825684,
			4.7416505813598633,
			4.8418965339660645,
			4.9419765472412109,
			5.0898828506469727,
			5.1948337554931641,
			5.3019728660583496,
			5.4420175552368164,
			5.5420975685119629,
			5.6421504020690918,
			5.7421932220458984,
			5.8598299026489258,
			5.9741740226745605,
			6.0741896629333496,
			6.1742849349975586,
			6.274320125579834,
			6.3756484985351562,
			6.4923591613769531,
			6.5924139022827148,
			6.6924529075622559,
			6.7953848838806152,
			6.8956170082092285,
			6.9959354400634766,
			7.0962753295898438,
			7.1963591575622559,
			7.2963771820068359,
			7.4805412292480469,
			7.6693029403686523,
			7.7696876525878906,
			7.879706859588623,
			7.9797167778015137,
			8.2576208114624023,
			8.4625959396362305,
			8.5876522064208984,
			8.8177328109741211,
			9.0891618728637695,
			9.4649019241333008,
			9.6946401596069336,
			9.9687776565551758,
			10.285634994506836,
			10.476716995239258,
			10.615675926208496,
			10.728819847106934,
			10.960244178771973,
			11.150064468383789,
			11.487968444824219,
			11.588025093078613,
			11.925369262695312,
			12.026519775390625,
			12.126527786254883,
			12.500840187072754,
			12.60099983215332,
			12.709972381591797,
			12.824068069458008,
			13.016486167907715,
			13.118326187133789,
			13.218390464782715,
			13.328398704528809,
			13.432790756225586,
			13.540482521057129
		],
		"X" : 
		[
			-229.3939208984375,
			-224.34033203125,
			-223.3548583984375,
			-217.837646484375,
			-222.8194580078125,
			-222.7552490234375,
			-220.804443359375,
			-220.3287353515625,
			-220.6256103515625,
			-221.4521484375,
			-222.7818603515625,
			-221.170166015625,
			-222.0252685546875,
			-222.0279541015625,
			-222.215576171875,
			-221.169189453125,
			-222.3651123046875,
			-223.0797119140625,
			-221.262939453125,
			-222.1005859375,
			-221.7169189453125,
			-221.658447265625,
			-222.1533203125,
			-221.6712646484375,
			-221.2777099609375,
			-221.2257080078125,
			-221.6739501953125,
			-220.7408447265625,
			-221.408203125,
			-220.36279296875,
			-220.5489501953125,
			-221.9288330078125,
			-220.2713623046875,
			-221.3468017578125,
			-221.951416015625,
			-220.8544921875,
			-221.1348876953125,
			-220.910400390625,
			-220.2470703125,
			-219.5430908203125,
			-220.5474853515625,
			-220.837646484375,
			-221.111328125,
			-220.7781982421875,
			-220.6505126953125,
			-221.4500732421875,
			-220.5621337890625,
			-221.18115234375,
			-221.1209716796875,
			-219.8712158203125,
			-220.49560546875,
			-220.0377197265625,
			-219.9107666015625,
			-220.270263671875,
			-219.713134765625,
			-220.48876953125,
			-221.2120361328125,
			-220.1728515625,
			-220.142822265625,
			-221.037353515625,
			-219.96630859375,
			-220.519287109375,
			-221.051513671875,
			-221.861328125,
			-221.17822265625,
			-220.2900390625,
			-219.843505859375,
			-220.84765625,
			-220.013427734375,
			-220.4945068359375,
			-220.1807861328125,
			-220.7886962890625,
			-219.0147705078125,
			-220.4033203125,
			-220.6817626953125,
			-219.9425048828125,
			-221.1004638671875,
			-221.3232421875,
			-220.4359130859375,
			-220.972412109375,
			-220.3187255859375,
			-220.821044921875,
			-219.7618408203125,
			-219.768798828125,
			-219.62890625,
			-219.3399658203125,
			-219.432373046875,
			-219.8280029296875
		],
		"Y" : 
		[
			813.0230712890625,
			651.5498046875,
			492.109130859375,
			416.572265625,
			387.2078857421875,
			350.015869140625,
			332.020751953125,
			312.914794921875,
			302.6138916015625,
			291.15087890625,
			283.935791015625,
			267.580322265625,
			263.1253662109375,
			260.009521484375,
			253.4942626953125,
			248.2667236328125,
			243.5950927734375,
			237.55224609375,
			235.9610595703125,
			232.8240966796875,
			230.654052734375,
			226.7218017578125,
			222.3680419921875,
			221.6146240234375,
			217.7822265625,
			214.1695556640625,
			214.087158203125,
			212.0882568359375,
			209.1524658203125,
			208.8316650390625,
			208.016845703125,
			205.0965576171875,
			204.1968994140625,
			200.482421875,
			199.45947265625,
			198.286376953125,
			196.9422607421875,
			196.8262939453125,
			196.021484375,
			194.4207763671875,
			193.7900390625,
			192.9805908203125,
			190.921142578125,
			190.8931884765625,
			190.0811767578125,
			189.6644287109375,
			187.9888916015625,
			187.1392822265625,
			187.1373291015625,
			186.744140625,
			186.2197265625,
			184.182861328125,
			182.9755859375,
			182.9881591796875,
			190.994384765625,
			180.4630126953125,
			180.012939453125,
			181.15966796875,
			179.751708984375,
			185.1632080078125,
			182.064697265625,
			183.8658447265625,
			174.522216796875,
			177.11376953125,
			172.5625,
			176.9937744140625,
			169.4432373046875,
			170.6998291015625,
			175.3323974609375,
			171.6893310546875,
			173.2080078125,
			166.346923828125,
			163.815185546875,
			166.2286376953125,
			171.1236572265625,
			165.513916015625,
			165.3690185546875,
			165.3990478515625,
			165.26123046875,
			165.3990478515625,
			166.25048828125,
			165.1468505859375,
			164.6173095703125,
			163.9725341796875,
			163.6988525390625,
			164.2996826171875,
			163.229248046875,
			163.80908203125
		]
	},
	"Product_Info" : 
	{
		"Bright_Threshold" : 160,
		"Serial_Number" : 0,
		"Spiral_freq" : 0.049999993294477463,
		"Spiral_threshold" : 1.0298023223876953,
		"Spiral_timeout" : 10,
		"auto_exp_reset_interval" : 100,
		"auto_flash_adjust_factor" : 200,
		"back_side_detection" : false,
		"cam_auto_calib" : true,
		"flash_brightness" : 0.950001060962677,
		"flash_duration" : 40,
		"flash_offset" : 1,
		"green_thresh_cb" : 22,
		"green_thresh_cr" : 22,
		"red_thresh_cr" : 50,
		"red_thresh_y" : 100,
		"target_intensity_for_auto_exp" : 16,
		"target_intensity_threshold_high" : 90,
		"target_intensity_threshold_low" : 10
	},
	"iProbe_info" : 
	{
		"FC_in_FB" : [
		[
		  0.9999706427952157,
		  0.0007662416658455963,
		  -0.007624068561638021
		],
		[
		  -0.0007766188102810421,
		  0.9999987760286053,
		  -0.0013582358096777204
		],
		[
		  0.00762301849312677,
		  0.0013641169307267611,
		  0.9999700139374443
		]
	  ]	
	}
}