{
	"Cam_Calib" : 
	{
		"CX" : 0.48800700000000002,
		"CY" : 0.57011599999999996,
		"FX" : 2.31907,
		"FY" : 3.0885699999999998
	},
	"Dist_Coeff" : 
	{
		"K1" : -0.178483,
		"K2" : 3.10738,
		"K3" : -46.240000000000002,
		"P1" : 0.018872799999999999,
		"P2" : -0.0035024000000000001
	},
	"Parallax" : 
	{
		"Distance" : 
		[
			1.633297324180603,
			1.7334023714065552,
			1.8407744169235229,
			1.9408862590789795,
			2.0409355163574219,
			2.1411206722259521,
			2.2412183284759521,
			2.3414452075958252,
			2.4850165843963623,
			2.607729434967041,
			2.7084507942199707,
			2.810297966003418,
			2.9443321228027344,
			3.0699453353881836,
			3.1827974319458008,
			3.3019571304321289,
			3.4134945869445801,
			3.5135664939880371,
			3.6136939525604248,
			3.7357401847839355,
			3.8390698432922363,
			3.951528787612915,
			4.0773611068725586,
			4.1954860687255859,
			4.4205946922302246,
			4.5385007858276367,
			4.6387901306152344,
			4.738823413848877,
			4.8535184860229492,
			4.9814639091491699,
			5.1019353866577148,
			5.2031388282775879
		],
		"X" : 
		[
			0.0028280559927225113,
			0.0032154323998838663,
			0.0032738267909735441,
			0.0031821473967283964,
			0.003193581011146307,
			0.003284260630607605,
			0.0033051767386496067,
			0.0034647327847778797,
			0.0033367525320500135,
			0.0032429122366011143,
			0.0033580395393073559,
			0.0034143533557653427,
			0.0033715374302119017,
			0.0035849236883223057,
			0.0035034364555031061,
			0.0035398660693317652,
			0.003324512392282486,
			0.0033609261736273766,
			0.0032796645537018776,
			0.0035252715460956097,
			0.0036960674915462732,
			0.0037721199914813042,
			0.0034726024605333805,
			0.0038596868980675936,
			0.0037339325062930584,
			0.0036285135429352522,
			0.0038245473988354206,
			0.003765846835449338,
			0.0035896648187190294,
			0.0035437364131212234,
			0.0035518964286893606,
			0.0035728288348764181
		],
		"Y" : 
		[
			-0.026587158441543579,
			-0.02128913626074791,
			-0.017284892499446869,
			-0.014774304814636707,
			-0.012363062240183353,
			-0.010261686518788338,
			-0.0081420158967375755,
			-0.0062207947485148907,
			-0.0041166399605572224,
			-0.0022943071089684963,
			-0.0011192479869350791,
			8.6066203948576003e-05,
			0.0012966413050889969,
			0.0025885524228215218,
			0.0035040588118135929,
			0.0041474569588899612,
			0.0050949039869010448,
			0.005620881449431181,
			0.0063402783125638962,
			0.0070700300857424736,
			0.0077876001596450806,
			0.0081404959782958031,
			0.0087871458381414413,
			0.0094249667599797249,
			0.010183165781199932,
			0.010351698845624924,
			0.01078485045582056,
			0.011194582097232342,
			0.011198832653462887,
			0.011887526139616966,
			0.012016455642879009,
			0.012384685687720776
		]
	},
	"Product_Info" : 
	{
		"Bright_Threshold" : 220,
		"Serial_Number" : 0
	}
}