{
	"Cam_Calib" : 
	{
		"CX" : 0.51000000000000001,
		"CY" : 0.46500000000000002,
		"FX" : 3.9676999999999998,
		"FY" : 5.9051999999999998
	},
	"Camera_Interface" : 
	{
		"analog_gain" : 2,
		"digital_gain" : 2,
		"exposure" : 15,
		"flash_on" : false,
		"fps" : 21,
		"res_x" : 3264,
		"res_y" : 2464,
		"stream_analog_gain" : 5,
		"stream_digital_gain" : 1,
		"stream_exposure" : 12,
		"video_res_x" : 960,
		"video_res_y" : 720,
		"video_roi_height" : 1,
		"video_roi_width" : 1,
		"video_roi_x" : 0,
		"video_roi_y" : 0
	},
	"Dist_Coeff" : 
	{
		"K1" : -0.178483,
		"K2" : 3.10738,
		"K3" : -46.240000000000002,
		"P1" : 0.018872799999999999,
		"P2" : -0.0035024000000000001
	},
	"Parallax" : 
	{
		"AutoCalib_X_offset" : 0,
		"AutoCalib_Y_offset" : 0,
		"Distance" : 
		[
			1.8773866891860962,
			1.9788837432861328,
			2.2124345302581787,
			2.3678281307220459,
			2.4835965633392334,
			2.5864608287811279,
			2.7414922714233398,
			2.8416504859924316,
			3.0107421875,
			3.1285331249237061,
			3.2835721969604492,
			3.3992030620574951,
			3.5044276714324951,
			3.6137070655822754,
			3.7295057773590088,
			3.936208963394165,
			4.0447912216186523,
			6.5109958648681641,
			8.2536811828613281,
			15.350377082824707
		],
		"X" : 
		[
			0.0030825876165181398,
			0.0033119730651378632,
			0.0030784874688833952,
			0.0033166198991239071,
			0.0030552716925740242,
			0.0030153158586472273,
			0.0031007132492959499,
			0.0031370120123028755,
			0.0030589478556066751,
			0.0031229958403855562,
			0.0035848955158144236,
			0.0033516271505504847,
			0.0031755068339407444,
			0.0032059238292276859,
			0.0029017257038503885,
			0.0028714595828205347,
			0.0029917701613157988,
			0.0032331359107047319,
			0.0028235765639692545,
			-0.071850605309009552
		],
		"Y" : 
		[
			-0.033195763826370239,
			-0.03268539160490036,
			-0.031218798831105232,
			-0.030284039676189423,
			-0.02984284982085228,
			-0.029461389407515526,
			-0.028904551640152931,
			-0.028627894818782806,
			-0.028290692716836929,
			-0.027876226231455803,
			-0.027444332838058472,
			-0.027199063450098038,
			-0.027106193825602531,
			-0.026912882924079895,
			-0.026709131896495819,
			-0.026441419497132301,
			-0.026247505098581314,
			-0.023825414478778839,
			-0.023409437388181686,
			0.057295862585306168
		]
	},
	"Product_Info" : 
	{
		"Bright_Threshold" : 165,
		"Serial_Number" : 0,
		"Spiral_freq" : 0.049999993294477463,
		"Spiral_threshold" : 0.20000000298023224,
		"Spiral_timeout" : 15,
		"back_side_detection" : false,
		"cam_auto_calib" : false,
		"flash_brightness" : 0.050000004470348358,
		"flash_duration" : 40,
		"flash_offset" : 1,
		"green_thresh_cb" : 22,
		"green_thresh_cr" : 22,
		"red_thresh_cr" : 50,
		"red_thresh_y" : 100
	},
	"iProbe_info" : 
	{
		"FC_in_FB" : 
		[
			[
				1,
				0,
				0
			],
			[
				0,
				1,
				0
			],
			[
				0,
				0,
				1
			]
		]
	}
}