{
	"Cam_Calib" : 
	{
		"CX" : 0.48800700000000002,
		"CY" : 0.57011599999999996,
		"FX" : 2.31907,
		"FY" : 3.0885699999999998
	},
	"Camera_Interface" : 
	{
		"analog_gain" : 1.5,
		"digital_gain" : 1,
		"exposure" : 10,
		"flash_on" : false,
		"fps" : 21,
		"res_x" : 3264,
		"res_y" : 2464,
		"video_res_x" : 960,
		"video_res_y" : 720,
		"video_roi_height" : 1,
		"video_roi_width" : 1,
		"video_roi_x" : 0,
		"video_roi_y" : 0
	},
	"Dist_Coeff" : 
	{
		"K1" : -0.178483,
		"K2" : 3.10738,
		"K3" : -46.240000000000002,
		"P1" : 0.018872799999999999,
		"P2" : -0.0035024000000000001
	},
	"Parallax" : 
	{
		"AutoCalib_X_offset" : 0,
		"AutoCalib_Y_offset" : 0,
		"Distance" : 
		[
			0.57205080986022949,
			0.67238086462020874,
			0.77241992950439453,
			0.87260061502456665,
			0.97275292873382568,
			1.0729647874832153,
			1.1730078458786011,
			1.2733525037765503,
			1.3736923933029175,
			1.4739023447036743,
			1.5740917921066284,
			1.6741640567779541,
			1.7742246389389038,
			1.8763281106948853,
			1.9766093492507935,
			2.0767831802368164,
			2.1770565509796143,
			2.2773964405059814,
			2.3775331974029541,
			2.4779589176177979,
			2.5782713890075684,
			2.6787869930267334,
			2.7789647579193115,
			2.879521369934082,
			2.9796562194824219,
			3.0800683498382568,
			3.180246114730835,
			3.2804923057556152,
			3.3806581497192383,
			3.4808809757232666,
			3.5811114311218262,
			3.681396484375,
			3.781423807144165,
			3.8817558288574219,
			3.9825899600982666,
			4.0828204154968262,
			4.182861328125,
			4.2831192016601562,
			4.3834142684936523,
			4.4834513664245605,
			4.5835509300231934,
			4.683802604675293,
			4.7840585708618164,
			4.8844747543334961,
			4.9850916862487793,
			5.0853419303894043,
			5.185570240020752,
			5.2860469818115234,
			5.3864355087280273,
			5.4864978790283203,
			5.5869083404541016,
			5.6873183250427246,
			5.7876482009887695,
			5.8878536224365234,
			5.9881329536437988,
			6.088402271270752,
			6.1885018348693848,
			6.2888517379760742,
			6.3895740509033203,
			6.4899201393127441,
			6.5901756286621094,
			7.108642578125,
			7.2088966369628906,
			7.3092889785766602,
			7.4094686508178711,
			7.5098381042480469,
			7.6103010177612305,
			7.7103338241577148,
			7.9027228355407715,
			8.0030765533447266,
			8.1032247543334961,
			8.2032575607299805,
			8.3033180236816406,
			8.4034156799316406,
			8.5034904479980469,
			8.6037893295288086,
			8.7041540145874023,
			8.804290771484375,
			8.9044742584228516,
			9.0047769546508789,
			9.1050453186035156,
			9.2052268981933594,
			9.3053302764892578,
			9.4057788848876953,
			9.5058832168579102,
			9.6059350967407227,
			9.7076911926269531,
			9.8078536987304688,
			9.9081897735595703,
			10.00830078125,
			10.108953475952148,
			10.209381103515625,
			10.30970287322998,
			10.409832000732422,
			10.509851455688477,
			10.610396385192871,
			10.711029052734375,
			10.811060905456543,
			10.911568641662598,
			11.01193904876709,
			11.112056732177734,
			11.212152481079102,
			11.312474250793457,
			11.412588119506836,
			11.51319694519043,
			11.613454818725586,
			11.713771820068359,
			11.813929557800293,
			11.914388656616211,
			12.016573905944824,
			12.116632461547852,
			12.216996192932129,
			12.317316055297852,
			12.417536735534668,
			12.518124580383301,
			12.618466377258301,
			12.718539237976074,
			12.818713188171387,
			12.919284820556641,
			13.019560813903809,
			13.119855880737305,
			13.220423698425293,
			13.322040557861328,
			13.42223072052002,
			13.522488594055176,
			13.622865676879883,
			13.723155975341797,
			13.823741912841797,
			13.924066543579102,
			14.024501800537109,
			14.124947547912598,
			14.225537300109863,
			14.325797080993652,
			14.425917625427246,
			14.525925636291504,
			14.626056671142578,
			14.726333618164062,
			14.872763633728027,
			14.97278881072998,
			15.072955131530762,
			15.173501968383789,
			15.273681640625,
			15.374168395996094,
			15.474400520324707,
			15.574986457824707,
			15.675634384155273,
			15.775896072387695,
			15.876552581787109,
			15.976655960083008,
			16.076726913452148,
			16.177202224731445,
			16.761913299560547,
			16.862464904785156,
			16.962797164916992,
			17.063255310058594,
			17.163429260253906,
			17.263605117797852,
			17.36383056640625,
			17.464290618896484,
			17.564662933349609,
			17.665021896362305,
			17.765035629272461,
			17.865581512451172,
			17.965682983398438,
			18.06622314453125,
			18.16673469543457,
			18.267086029052734,
			18.367347717285156,
			18.467742919921875,
			18.567766189575195,
			18.667995452880859,
			18.768421173095703,
			18.868539810180664,
			18.96912956237793,
			19.069953918457031,
			19.170078277587891,
			19.279140472412109,
			19.379671096801758,
			19.479969024658203,
			19.580574035644531,
			19.68089485168457,
			19.781764984130859,
			19.882379531860352,
			19.982686996459961,
			20.08319091796875,
			20.183559417724609,
			20.28428840637207,
			20.384414672851562,
			20.484983444213867,
			20.585578918457031,
			20.685606002807617,
			20.78618049621582,
			20.886383056640625,
			20.987054824829102,
			21.087339401245117,
			21.187562942504883,
			21.287914276123047,
			21.387968063354492,
			21.488571166992188,
			21.589242935180664,
			21.689796447753906,
			21.790483474731445,
			21.89100456237793,
			21.991336822509766,
			22.091405868530273,
			22.191850662231445,
			22.292194366455078,
			22.392917633056641,
			22.493484497070312,
			22.593711853027344,
			22.694366455078125,
			22.794609069824219,
			22.89483642578125,
			23.063711166381836,
			23.163850784301758,
			23.264211654663086,
			23.364473342895508,
			23.464645385742188,
			23.565067291259766,
			23.665109634399414,
			23.765750885009766,
			23.865835189819336,
			23.965858459472656,
			24.065914154052734,
			24.166049957275391,
			24.266075134277344,
			24.366300582885742,
			24.466360092163086,
			24.566856384277344,
			24.668807983398438,
			24.769191741943359,
			24.869796752929688,
			24.970066070556641,
			25.070371627807617,
			25.170867919921875,
			25.271112442016602,
			25.371604919433594,
			25.47209358215332,
			25.572257995605469,
			25.672515869140625,
			25.773258209228516,
			25.873579025268555,
			25.97368049621582,
			26.073980331420898,
			26.174617767333984,
			26.275035858154297,
			26.375741958618164,
			26.550144195556641,
			26.662899017333984
		],