{
    "timestamp": "20250516_120035",
    "distance": [
        2515.42724609375,
        2659.03564453125,
        2813.025634765625,
        2961.352783203125,
        3084.033935546875,
        3246.665771484375,
        3350.443603515625,
        3509.662353515625,
        3661.747314453125,
        3860.97900390625,
        3994.137451171875,
        4102.20947265625,
        4218.39990234375,
        4344.0751953125,
        4447.90576171875,
        4608.64111328125,
        4744.126953125,
        4863.96142578125,
        4997.59033203125,
        5151.3046875,
        5264.31201171875,
        5403.2099609375,
        5526.2197265625,
        5646.71337890625,
        5814.61962890625,
        5944.9853515625,
        6099.37451171875,
        6239.11865234375,
        6372.40966796875,
        6490.15234375,
        6637.35400390625,
        6820.408203125,
        7908.69921875,
        8050.7578125
    ],
    "ROI_range": [
        1211.8272457025575,
        1150.9151030512853,
        1106.0604871631194,
        1049.9739763200087,
        1012.4250191733043,
        958.8553938395069,
        925.7302299655457,
        887.0286399041922,
        850.9387951017721,
        803.8252698314728,
        778.0861493618787,
        759.2955611096822,
        740.1883655456076,
        717.4516752512791,
        701.2305667334628,
        677.8564801046081,
        659.4895694433608,
        643.498029359005,
        625.7747300307923,
        608.8816389494531,
        594.1367283521506,
        579.7427853030671,
        566.8678076065513,
        555.2468348223479,
        538.2976259545734,
        528.1236725412439,
        514.6411207765061,
        500.92433108025585,
        493.54132667157796,
        484.40860260724577,
        473.9877101897815,
        462.21806978043696,
        397.24306998840035,
        389.49056587473183
    ],
    "LED_range": [
        151.2255091643105,
        144.60041298837407,
        138.03620518975765,
        132.03815496363012,
        128.9082131161347,
        123.31505837666599,
        119.85163495185716,
        114.59065297392691,
        110.04837231871649,
        104.12804646443378,
        102.28681581607226,
        100.38574970570794,
        98.75719278165218,
        96.853197167567,
        94.86982392956065,
        92.07578836364677,
        90.09798908512795,
        88.8929488980346,
        86.74027445321163,
        85.20021975788359,
        82.65372235387505,
        81.5270580901945,
        80.13238952798835,
        78.51166454346033,
        76.7429177003562,
        75.64685140175693,
        74.21955309538167,
        72.80986701546597,
        71.88068837776348,
        70.95395325036033,
        69.96315649963269,
        68.54641545892046,
        61.71847156989739,
        60.995791313078406
    ],
    "Max_area": [
        3922.0,
        3534.0,
        3265.0,
        2933.5,
        2711.5,
        2437.0,
        2249.0,
        2065.5,
        1895.5,
        1687.0,
        1561.0,
        1477.5,
        1402.5,
        1293.5,
        1246.5,
        1160.5,
        1088.0,
        1024.0,
        979.0,
        906.5,
        866.0,
        830.0,
        785.0,
        753.5,
        699.0,
        668.0,
        636.5,
        603.0,
        577.0,
        557.0,
        534.0,
        512.0,
        383.0,
        365.5
    ]
}